{
	"packageId": "72",
	"version": "19091701",
	"pageConfigs": [
		{
			"pageUrl": "vn://index/index",
			"launchMode": "singleTask"
		}
	],
	"usingcomponents":{
		"focusModule":"/index/module/focusModule/focusModule",
		"userPanelModule":"/index/module/userPanelModule/userPanelModule",
		"dailyRecommendModule":"/index/module/dailyRecommendModule/dailyRecommendModule",
		"normalVerticalModule":"/index/module/normalVerticalModule/normalVerticalModule",
		"welfareModule":"/index/module/welfareModule/welfareModule",
		"albumModule":"/index/module/albumModule/albumModule",
		"upcomingModule":"/index/module/upcomingModule/upcomingModule",
		"friendsModule":"/index/module/friendsModule/friendsModule",
		"starModule":"/index/module/starModule/starModule",
		"userInterestModule":"/index/module/userInterestModule/userInterestModule",
		"activityBarModule":"/index/module/activityBarModule/activityBarModule",
		"normalHorizontalModule":"/index/module/normalHorizontalModule/normalHorizontalModule",
		"normalTileHorizontalModule":"/index/module/normalTileHorizontalModule/normalTileHorizontalModule",
		"leftpicModule":"/index/module/leftpicModule/leftpicModule",
		"horizontalPosterComponent":"/index/component/horizontalPosterComponent/horizontalPosterComponent",
		"verticalPosterComponent":"/index/component/verticalPosterComponent/verticalPosterComponent",
		"horizontalWelfareComponent":"/index/component/horizontalWelfareComponent/horizontalWelfareComponent",
		"oneLineTitleComponent":"/index/component/oneLineTitleComponent/oneLineTitleComponent",
		"leftpicComponent":"/index/component/leftpicComponent/leftpicComponent",
		"exchangeComponent":"/index/component/exchangeComponent/exchangeComponent",
		"albumItemComponent":"/index/component/albumItemComponent/albumItemComponent",
		"avatarComponent":"/index/component/avatarComponent/avatarComponent"
	}
}